title,company,location,link
PHP(Laravel) Developer,Karitva Software Solutions,"Bengaluru, India",https://stackoverflow.com/jobs/330491
Full Stack Developer,Great Learning,"Bengaluru, India",https://stackoverflow.com/jobs/426383
Full Stack Developer,Tacnik Technology Private Limited,"Bengaluru, India",https://stackoverflow.com/jobs/426382
PHP Developer,THBS,"Bengaluru, India",https://stackoverflow.com/jobs/426378
PHP Developer,Torry Harris,"Bengaluru, India",https://stackoverflow.com/jobs/426377
PHP Web Developer,Tech2Day,"Hyderabad, India",https://stackoverflow.com/jobs/426330
Senior Software Engineer,Fingpay - Tapits Technologies Private Limited,"Secunderabad, India",https://stackoverflow.com/jobs/426324
React Native Developer,HashStudioz,"Noida, India",https://stackoverflow.com/jobs/426313
Flutter Developer,Algoworks Solutions,"Noida, India",https://stackoverflow.com/jobs/426308
Walk in Interview for PHP Developer,Freaquer Corporation P.Ltd.,"Lucknow, India",https://stackoverflow.com/jobs/426291
IOS & Android Developer,BitTech India,"Hyderabad, India",https://stackoverflow.com/jobs/426285
コンサートチケット/2次流通システム　制作/運用,株式会社センティリオンシステム,"Shinagawa City, Japan",https://stackoverflow.com/jobs/355256
製造コンサルSE(PL/PM)《MES/自社開発メイン》,東海ソフト株式会社,"Nagoya, Japan",https://stackoverflow.com/jobs/309436
Java Developer,Multirecruit,"Coimbatore, India",https://stackoverflow.com/jobs/415427
Magento Developer,BRIDGE Global,"Kochi, India",https://stackoverflow.com/jobs/360477
組み込み制御/システム開発会社,株式会社スタッフサービス　エンジニアガイド,"Kagoshima, Japan",https://stackoverflow.com/jobs/340848
システム開発仕様検討 (大手システム会社) Java,株式会社スタッフサービス,"Kagoshima, Japan",https://stackoverflow.com/jobs/319209
テスト・評価/医療用ソフトウェア開発会社,株式会社スタッフサービス　エンジニアガイド,"Kagoshima, Japan",https://stackoverflow.com/jobs/438309
IT業界のプログラマー,株式会社パソナ,"Kagoshima, Japan",https://stackoverflow.com/jobs/438308
ITエンジニア(契約社員),株式会社ヒイデル,"Kagoshima, Japan",https://stackoverflow.com/jobs/438307
プログラマー,株式会社　鹿児島インサイト,"Kagoshima, Japan",https://stackoverflow.com/jobs/438306
ITエンジニア,株式会社ヒイデル,"Kagoshima, Japan",https://stackoverflow.com/jobs/438305
プログラマー,株式会社ヒイデル,"Kagoshima, Japan",https://stackoverflow.com/jobs/438304
SE(システムエンジニア),NEXT株式会社　西東京支社,"Yokohama, Japan",https://stackoverflow.com/jobs/438303
基幹システム基本設計 (大手IT企業) Java,株式会社スタッフサービス,"Sendai, Japan",https://stackoverflow.com/jobs/438302
