title,company,url
Frontend React Developer,Paperpile,/remote-jobs/100990-remote-frontend-react-developer-paperpile
Senior Frontend Engineer,Processful,/remote-jobs/100953-remote-senior-frontend-engineer-processful
Frontend Web Developer,Refurbed,/remote-jobs/100455-remote-frontend-web-developer-refurbed
Senior React Native Developer,Clevertech,/remote-jobs/100061-remote-senior-react-native-developer-clevertech
React.js Angular Node.js Developer,Soshace,/remote-jobs/100877-remote-react-js-angular-node-js-developer-soshace
React Tech Lead,WisePops,/remote-jobs/100873-remote-react-tech-lead-wisepops
Senior Software Developer,Shopify,/remote-jobs/100776-remote-senior-software-developer-shopify
Experienced Frontend Developer,Visuary,/remote-jobs/100800-remote-experienced-frontend-developer-visuary
Software Engineer,Group Nine Media,/remote-jobs/100729-remote-software-engineer-group-nine-media
React Native Developer,Mozn,/remote-jobs/100712-remote-react-native-developer-mozn
Full Stack Developer,Clevertech,/remote-jobs/100671-remote-full-stack-developer-clevertech
Mobile App Developer,BuddyBoss,/remote-jobs/100617-remote-mobile-app-developer-buddyboss
Full Stack Developer,HelloMaaS,/remote-jobs/100554-remote-full-stack-developer-hellomaas
Senior Software Engineer Frontend,Athenian,/remote-jobs/100536-remote-senior-software-engineer-frontend-athenian
Fullstack Software Engineer,Frontier,/remote-jobs/100530-remote-fullstack-software-engineer-frontier
Senior JavaScript Developer,Kontist,/remote-jobs/99810-remote-senior-javascript-developer-kontist
Jr Mid React Python Developer,Compugain,/remote-jobs/100695-remote-jr-mid-react-python-developer-compugain
React Developer,Singular,/remote-jobs/100599-remote-react-developer-singular
Full Stack Engineer,Agenteur,/remote-jobs/100388-remote-full-stack-engineer-agenteur
Senior JavaScript Developer,mediafellows,/remote-jobs/100365-remote-senior-javascript-developer-mediafellows
React Developer,Circles,/remote-jobs/100235-remote-react-developer-circles
Senior Frontend Engineer,Octopods,/remote-jobs/100214-remote-senior-frontend-engineer-octopods-ltd
Front End Developer,Forestreet,/remote-jobs/100207-remote-front-end-developer-forestreet
Senior PHP Developer,BuddyBoss,/remote-jobs/100148-remote-senior-php-developer-buddyboss
Front End Developer,KosmoTime,/remote-jobs/100139-remote-front-end-developer-kosmotime
Senior Software Engineer,Trainual,/remote-jobs/100055-remote-senior-software-engineer-trainual
Full Stack Developer,GlassDollar,/remote-jobs/99954-remote-full-stack-developer-glassdollar
Frontend Engineer,Nomad Health,/remote-jobs/99923-remote-frontend-engineer-nomad-health
Senior Software Engineer Frontend,Athenian,/remote-jobs/99902-remote-senior-software-engineer-frontend-athenian
Senior Web Developer,komoot,/remote-jobs/99900-remote-senior-web-developer-komoot
Senior Developer,Toptal,/remote-jobs/99898-remote-senior-developer-toptal
Reactjs Developer,komoot,/remote-jobs/99806-remote-reactjs-developer-komoot
Senior Front End Developer,PolySwarm,/remote-jobs/99794-remote-senior-front-end-developer-polyswarm
Software Engineer,Learning Tapestry,/remote-jobs/99790-remote-software-engineer-learning-tapestry
Senior Software Engineer React React,Very LLC,/remote-jobs/99730-remote-senior-software-engineer-react-react-very-llc
Senior Frontend Developer,More Digital Studios,/remote-jobs/99728-remote-senior-frontend-developer-more-digital-studios
Mid Senior Front End Developer,Series Eight,/remote-jobs/99709-remote-mid-senior-front-end-developer-series-eight
Senior Full Stack Engineer,GooseChase,/remote-jobs/99701-remote-senior-full-stack-engineer-goosechase
Senior Vue JS Frontend Developer,"Love, Bonito",/remote-jobs/99696-remote-senior-vue-js-frontend-developer-love-bonito
Senior Software Engineer,Fiveable - Social Learning for High School Students,/remote-jobs/99646-remote-senior-software-engineer-fiveable-social-learning-for-high-school-students
Full Stack Developer,Belighted,/remote-jobs/99548-remote-full-stack-developer-belighted
Senior Frontend Developer React,Givecloud,/remote-jobs/99508-remote-senior-frontend-developer-react-givecloud
P T Full Stack Developer,MeetEdgar,/remote-jobs/99495-remote-p-t-full-stack-developer-meetedgar
React Native Developer,Mozn,/remote-jobs/99366-remote-react-native-developer-mozn
Front End Developer,Bitfinex,/remote-jobs/99323-remote-front-end-developer-bitfinex
Mobile App Developer,Bitfinex,/remote-jobs/99321-remote-mobile-app-developer-bitfinex
Senior Frontend Developer,Netdata Inc,/remote-jobs/99252-remote-senior-frontend-developer-netdata-inc
JS Full Stack Developer Junior,Wild Audience,/remote-jobs/99193-remote-js-full-stack-developer-junior-wild-audience
React Native Mobile Developer,Clevertech,/remote-jobs/99182-remote-react-native-mobile-developer-clevertech
Lead Back End Developer,Simpleweb,/remote-jobs/99178-remote-lead-back-end-developer-simpleweb
Full Stack Developer,Coconut ,/remote-jobs/99168-remote-full-stack-developer-coconut
Software Engineer,Mixie Digital,/remote-jobs/99157-remote-software-engineer-mixie-digital
Senior Front End Developer,Draftable,/remote-jobs/99155-remote-senior-front-end-developer-draftable
Senior React Developer,Clevertech,/remote-jobs/99125-remote-senior-react-developer-clevertech
Senior Software Engineer,Jungle Scout,/remote-jobs/99102-remote-senior-software-engineer-jungle-scout
Full Stack Software Engineer,Clutch Prep,/remote-jobs/98961-remote-full-stack-software-engineer-clutch-prep
Software Engineer,Instantish,/remote-jobs/98927-remote-software-engineer-instantish
Senior Frontend Web Developer,Strydal,/remote-jobs/98865-remote-senior-frontend-web-developer-strydal
Freelance React Developer,Toptal,/remote-jobs/98613-remote-freelance-react-developer-toptal
Senior MERN Stack Developer,AKTEK,/remote-jobs/98188-remote-senior-mern-stack-developer-aktek
Senior Front End Developer,Sam :],/remote-jobs/97965-remote-senior-front-end-developer-sam
React Native Developer,Mozn ,/remote-jobs/97918-remote-react-native-developer-mozn
Senior Full Stack Developer,Remo,/remote-jobs/97818-remote-senior-full-stack-developer-remote-remo
React Developer,Koinly,/remote-jobs/97773-remote-sr-react-developer-koinly
React JS Developer,komoot,/remote-jobs/97572-remote-react-js-developer-komoot
Lead Full Stack Software Engineer,Prominent Edge,/remote-jobs/97397-remote-lead-full-stack-software-engineer-prominent-edge
Clojurescript Developer,district0x,/remote-jobs/97255-remote-clojurescript-developer-district0x
Senior Software Engineer React ts,Just,/remote-jobs/97238-remote-senior-software-engineer-react-ts-just
Software Engineer,SmartSuite,/remote-jobs/97047-remote-software-engineer-smartsuite
Frontend Developer,IDEX Innovation,/remote-jobs/97014-remote-frontend-developer-react-redux-idex-innovation
React Developer,Nicer Studio,/remote-jobs/96882-remote-react-developer-nicer-studio
Senior Software Engineer,Vamstar,/remote-jobs/86896-remote-senior-software-engineer-vamstar
Software Engineer,Coder,/remote-jobs/86350-remote-software-engineer-coder
Freelance React Native Developer,Toptal,/remote-jobs/86222-remote-freelance-react-native-developer-toptal
Freelance React Developer,Toptal,/remote-jobs/85697-remote-freelance-react-developer-remote-toptal
Senior Web Developer Full Stack,Smartbridge AG,/remote-jobs/85443-remote-senior-web-developer-full-stack-smartbridge-ag
Ruby on Rails Developer,PipelineDeals,/remote-jobs/85401-remote-ruby-on-rails-developer-pipelinedeals
Software Developer,Ollie Order,/remote-jobs/85395-remote-software-developer-ollie-order
Javascript Developer,The Night Sky,/remote-jobs/85341-remote-javascript-developer-the-night-sky
Front End React.js Developer,RemoteLeads,/remote-jobs/84283-remote-front-end-react-js-developer-remoteleads
Senior Full Stack Web Developer,HoloMeeting,/remote-jobs/85219-remote-senior-full-stack-web-developer-holomeeting
Developingpanel,Social Media Marketing,/remote-jobs/85036-remote-developingpanel-social-media-marketing
Full Stack Developer,Uprise,/remote-jobs/84843-remote-full-stack-developer-uprise
Frontend Developer React redux,IDEX Innovation,/remote-jobs/84809-remote-frontend-developer-react-redux-idex-innovation
React Native Mobile App Developer,BuddyBoss,/remote-jobs/84690-remote-react-native-mobile-app-developer-buddyboss
Senior Software Engineer,Eedi (a LEGO backed startup),/remote-jobs/84371-remote-senior-software-engineer-net-react-eedi-a-lego-backed-startup
Freelance React Developer,Toptal,/remote-jobs/84356-remote-freelance-react-developer-remote-toptal
Software Engineer,Commsor,/remote-jobs/84335-remote-software-engineer-commsor
Wordpress Developer,Dashwork Studio Pvt. Ltd.,/remote-jobs/84301-remote-wordpress-developer-php-js-react-dashwork-studio-pvt-ltd
Full Stack Developer,Airofit,/remote-jobs/84277-remote-full-stack-developer-airofit
Senior Front End Developer,Remotesome,/remote-jobs/84273-remote-senior-front-end-developer-remotesome
JavaScript Developer,RemoteLeads,/remote-jobs/84253-remote-javascript-developer-remoteleads
Lead Developer,Professional Insight,/remote-jobs/84193-remote-lead-developer-professional-insight
Senior Software Engineer Frontend,Athenian,/remote-jobs/84019-remote-senior-software-engineer-frontend-athenian
Senior Software Engineer Mobile,Fresh Tri,/remote-jobs/83876-remote-senior-software-engineer-mobile-fresh-tri
Senior Software Engineer,MVPF,/remote-jobs/83678-remote-senior-software-engineer-m-f-d-mvpf
React Native Developer,Chop Dawg,/remote-jobs/83579-remote-part-time-react-native-developer-chop-dawg
Software Engineer,Praxent,/remote-jobs/83547-remote-software-engineer-react-praxent
Software Engineering Manager,Praxent,/remote-jobs/83521-remote-software-engineering-manager-praxent
Javascript Developer,WIREWAX,/remote-jobs/79845-remote-javascript-developer-react-redux-wirewax
JavaScript Software Engineer,Prospect,/remote-jobs/77153-remote-javascript-react-software-engineer-prospect
Sr UI Engineer Typescript React,Accord,/remote-jobs/76921-remote-sr-ui-engineer-typescript-react-accord
Frontend Developer,MOZN,/remote-jobs/76917-remote-frontend-developer-mozn
Full Stack Developer,MeetEdgar,/remote-jobs/76846-remote-full-stack-developer-meetedgar
React Frontend Developer,Leaf Logistics,/remote-jobs/99823-remote-react-frontend-developer-leaf-logistics
Senior Principal React Go Node.js Software Engineer,Tech9,/remote-jobs/99802-remote-senior-principal-react-go-node-js-software-engineer-tech9
React Native Developer,GOintegro,/remote-jobs/99264-remote-react-native-developer-gointegro
React.js Developer,Stratospherec,/remote-jobs/99250-remote-react-js-developer-stratospherec
React Developer,Chessable Limited,/remote-jobs/99044-remote-react-developer-chessable-limited
Senior Mobile React Native Developer,Altruist,/remote-jobs/99019-remote-senior-mobile-react-native-developer-altruist
Frontend React Developer For E Commerce Analytics Product,Scalable Path,/remote-jobs/98884-remote-frontend-react-developer-for-e-commerce-analytics-product-scalable-path
React Native Developer,BairesDev,/remote-jobs/98822-remote-react-native-developer-bairesdev
Senior React Native Mobile Developer,JBS Custom Software Solutions,/remote-jobs/98812-remote-senior-react-native-mobile-developer-jbs-custom-software-solutions
React Developer,BairesDev,/remote-jobs/98782-remote-react-developer-bairesdev
Principal React Developer 100,Clevertech,/remote-jobs/98685-remote-principal-react-developer-100-clevertech
Senior React Developer,AppEvolve,/remote-jobs/98601-remote-senior-react-developer-appevolve
Senior React Developer,Sherpany AG,/remote-jobs/98583-remote-senior-react-developer-sherpany-ag
Full Stack Laravel React Developer,Scalable Path,/remote-jobs/98499-remote-full-stack-laravel-react-developer-scalable-path
Senior Full Stack Laravel React Developer,Scalable Path,/remote-jobs/98480-remote-senior-full-stack-laravel-react-developer-scalable-path
React Developer 100,Clevertech,/remote-jobs/98357-remote-react-developer-100-clevertech
React Native Firebase Developer,X-Team,/remote-jobs/98343-remote-react-native-firebase-developer-x-team
Full Stack React Developer,Plex,/remote-jobs/98120-remote-full-stack-react-developer-plex
Full Stack React Node Developer,Plex,/remote-jobs/98156-remote-full-stack-react-node-developer-plex
Senior React Native Developer,AppEvolve,/remote-jobs/98004-remote-senior-react-native-developer-appevolve
Enterprise Software Java React Redux Full Web Stack Developer,Variphy,/remote-jobs/97987-remote-enterprise-software-java-react-redux-full-web-stack-developer-variphy
React Frontend Developer,Veezoo AG,/remote-jobs/97920-remote-react-frontend-developer-veezoo-ag
Java React Developer,Boyle Software,/remote-jobs/97794-remote-java-react-developer-boyle-software
Senior React Developer,DjangoForce,/remote-jobs/97710-remote-senior-react-developer-djangoforce
React D3 Developer,YouGov,/remote-jobs/97657-remote-react-d3-developer-yougov
React Native Developer,Clevertech,/remote-jobs/97591-remote-react-native-developer-clevertech
Senior Software Engineer Rails Elm React,HubTran,/remote-jobs/97453-remote-senior-software-engineer-rails-elm-react-hubtran
Senior React Native Developer,Mahisoft,/remote-jobs/97346-remote-senior-react-native-developer-mahisoft
PHP React Fullstack Developer For Edtech Company,MobyMax,/remote-jobs/97315-remote-php-react-fullstack-developer-for-edtech-company-mobymax
PHP React Fullstack Developer,MobyMax,/remote-jobs/97316-remote-php-react-fullstack-developer-mobymax
Senior React Typescript GraphQL Developer,X-Team,/remote-jobs/97234-remote-senior-react-typescript-graphql-developer-x-team
React Native Developer,Evertel Technologies,/remote-jobs/97184-remote-react-native-developer-evertel-technologies
Senior React Native Developer,NearForm,/remote-jobs/97106-remote-senior-react-native-developer-nearform
Frontend React Html5 Developer With Canvas SVG Experience,Scalable Path,/remote-jobs/86874-remote-frontend-react-html5-developer-with-canvas-svg-experience-scalable-path
Full Stack Node React Developer For Chrome Extension,Scalable Path,/remote-jobs/86985-remote-full-stack-node-react-developer-for-chrome-extension-scalable-path
Senior React Native Developer,You.i TV,/remote-jobs/86715-remote-senior-react-native-developer-you-i-tv
Software Engineer,Routable,/remote-jobs/86593-remote-software-engineer-react-redux-routable
Software Engineer Front End React,SpiderOak,/remote-jobs/87045-remote-software-engineer-front-end-react-spideroak
React Native Developer,Groove,/remote-jobs/86195-remote-react-native-developer-groove
UI React Developer,Solid Commerce,/remote-jobs/86179-remote-ui-react-developer-solid-commerce
Senior React Developer 100,Clevertech,/remote-jobs/85688-remote-senior-react-developer-100-clevertech
Senior React Native Developer,X-Team,/remote-jobs/87004-remote-senior-react-native-developer-x-team
Senior React Developer,X-Team,/remote-jobs/87038-remote-senior-react-developer-x-team
Ruby React Software Engineer 100,Clevertech,/remote-jobs/85430-remote-ruby-react-software-engineer-100-clevertech
Full Stack Javascript Typescript Vue Nuxt Docker MongoDB Developer React Ok,Primary Bid,/remote-jobs/85377-remote-full-stack-javascript-typescript-vue-nuxt-docker-mongodb-developer-react-ok-primary-bid
Senior Mobile React Developer,Chessable Limited,/remote-jobs/85217-remote-senior-mobile-react-developer-chessable-limited
JavaScript React Game Developer,Matchday,/remote-jobs/85012-remote-javascript-react-game-developer-matchday
Junior Mid Level React Developer,Trumid Technologies,/remote-jobs/84802-remote-junior-mid-level-react-developer-trumid-technologies
Full Stack PHP React Developer,Scalable Path,/remote-jobs/84723-remote-full-stack-php-react-developer-scalable-path
Lead React Threejs Developer 100,Clevertech,/remote-jobs/84711-remote-lead-react-threejs-developer-100-clevertech
Expert Frontend React Redux Developer,Scalable Path,/remote-jobs/84565-remote-expert-frontend-react-redux-developer-scalable-path
Expert React Nodejs MongoDB Developer,Scalable Path,/remote-jobs/84555-remote-expert-react-nodejs-mongodb-developer-scalable-path
Full Stack Web Developer With React Ruby On Rails Experience,Radish Lab,/remote-jobs/84418-remote-full-stack-web-developer-with-react-ruby-on-rails-experience-radish-lab
Generalist Mid Senior Level Software Developer Who Loves React Typescript,Niphtio,/remote-jobs/84378-remote-generalist-mid-senior-level-software-developer-who-loves-react-typescript-niphtio
React Native Developer 100,Clevertech,/remote-jobs/84318-remote-react-native-developer-100-clevertech
Hardcore React Native Nodejs Application Developer Required,Rekordio,/remote-jobs/84214-remote-hardcore-react-native-nodejs-application-developer-required-rekordio
Senior React Developer For Position,GLOBAL APPCASTING,/remote-jobs/84195-remote-senior-react-developer-for-position-global-appcasting
Senior Full Stack PHP React Developer,Scalable Path,/remote-jobs/84085-remote-senior-full-stack-php-react-developer-scalable-path
Senior Node React MongoDB Developer,Scalable Path,/remote-jobs/83974-remote-senior-node-react-mongodb-developer-scalable-path
Expert FS Nodejs React RN Developer Required For Realtime Application,Rekordio,/remote-jobs/83688-remote-expert-fs-nodejs-react-rn-developer-required-for-realtime-application-rekordio
React Native Developer,Ascent Software,/remote-jobs/83674-remote-react-native-developer-ascent-software
React Developer For Job,GLOBAL APPCASTING,/remote-jobs/83630-remote-react-developer-for-job-global-appcasting
React Developer,YouGov,/remote-jobs/83565-remote-react-developer-yougov
Senior Full Stack PHP React MySQL Developer,Scalable Path,/remote-jobs/83738-remote-senior-full-stack-php-react-mysql-developer-scalable-path
React React Native Developer,Soshace,/remote-jobs/83388-remote-react-react-native-developer-soshace
100% Senior React Developer,Clevertech,/remote-jobs/83371-remote-100-senior-react-developer-clevertech
Senior React Developer,Mahisoft,/remote-jobs/83764-remote-senior-react-developer-mahisoft
React Angular Front End Developer,Soshace,/remote-jobs/83310-remote-react-angular-front-end-developer-soshace
React Developer Opportunity,Hays,/remote-jobs/83297-remote-react-developer-opportunity-hays
React Developer,Hays,/remote-jobs/83294-remote-react-developer-hays
React Developer A Virtual Team,GLOBAL APPCASTING,/remote-jobs/83230-remote-react-developer-a-virtual-team-global-appcasting
React Python Developer 100,Clevertech,/remote-jobs/83127-remote-react-python-developer-100-clevertech
Front End Developer Experienced React Angular,Soshace,/remote-jobs/83096-remote-front-end-developer-experienced-react-angular-soshace
Senior React RN Developer,Trainer Road,/remote-jobs/83090-remote-senior-react-rn-developer-trainer-road
100% Python React Developer,Clevertech,/remote-jobs/82984-remote-100-python-react-developer-clevertech
React UI Software Engineer,LocusLabs,/remote-jobs/78925-remote-react-ui-software-engineer-locuslabs
100% React 3D Developer,Clevertech,/remote-jobs/77353-remote-100-react-3d-developer-clevertech
React 3D Developer,Clevertech,/remote-jobs/77331-remote-react-3d-developer-clevertech
Senior React Developer,Toptal,/remote-jobs/77318-remote-senior-react-developer-toptal
Full Stack Developer Node React 100,Clevertech,/remote-jobs/77030-remote-full-stack-developer-node-react-100-clevertech
React Developer,Clevertech,/remote-jobs/77031-remote-react-developer-clevertech
Full Stack React Django Developer,Soshace,/remote-jobs/76912-remote-full-stack-react-django-developer-soshace
Senior React Developer,KNÃ˜X,/remote-jobs/76797-remote-senior-react-developer-knox
